<?xml version="1.0" encoding="UTF-8"?>
<libroprofesor>
      <asignatura>
               <alumno>
                        <nombre>Felipe</nombre>
                        <apellido1>Cabello</apellido1>
                        <apellido2>Cañada</apellido2>
                        <notas>
                               <trimestre1>
                                           <examen1>x</examen1>
                                           <examen2>x</examen2>
                                           <examen3>x</examen3>
                               </trimestre1>
                               <trimestre2>
                                           <examen1>x</examen1>
                                           <examen2>x</examen2>
                                           <examen3>x</examen3>
                               </trimestre2>
                               <trimestre3>
                                           <examen1>x</examen1>
                                           <examen2>x</examen2>
                                           <examen3>x</examen3>
                               </trimestre3>
                        </notas>
                        <trabajos>
                                   <trabajo1>x</trabajo1>
                                   <trabajo2>x</trabajo2>
                                   <trabajo3>x</trabajo3>
                        </trabajos>
               </alumno>
               <alumno>
                        <nombre>Sergio</nombre>
                        <apellido1>Cepeda</apellido1>
                        <apellido2>Castizo</apellido2>
                        <notas>
                               <trimestre1>
                                           <examen1>x</examen1>
                                           <examen2>x</examen2>
                                           <examen3>x</examen3>
                               </trimestre1>
                               <trimestre2>
                                           <examen1>x</examen1>
                                           <examen2>x</examen2>
                                           <examen3>x</examen3>
                               </trimestre2>
                               <trimestre3>
                                           <examen1>x</examen1>
                                           <examen2>x</examen2>
                                           <examen3>x</examen3>
                               </trimestre3>
                        </notas>
                        <trabajos>
                                   <trabajo1>x</trabajo1>
                                   <trabajo2>x</trabajo2>
                                   <trabajo3>x</trabajo3>
                        </trabajos>
               </alumno>
               <alumno>
                        <nombre>Jose</nombre>
                        <apellido1>Garcia</apellido1>
                        <apellido2>Zurita</apellido2>
                        <notas>
                               <trimestre1>
                                           <examen1>x</examen1>
                                           <examen2>x</examen2>
                                           <examen3>x</examen3>
                               </trimestre1>
                               <trimestre2>
                                           <examen1>x</examen1>
                                           <examen2>x</examen2>
                                           <examen3>x</examen3>
                               </trimestre2>
                               <trimestre3>
                                           <examen1>x</examen1>
                                           <examen2>x</examen2>
                                           <examen3>x</examen3>
                               </trimestre3>
                        </notas>
                        <trabajos>
                                   <trabajo1>x</trabajo1>
                                   <trabajo2>x</trabajo2>
                                   <trabajo3>x</trabajo3>
                        </trabajos>
               </alumno>
               <alumno>
                        <nombre>Isabel</nombre>
                        <apellido1>Becerril</apellido1>
                        <apellido2>Viera</apellido2>
                        <notas>
                               <trimestre1>
                                           <examen1>x</examen1>
                                           <examen2>x</examen2>
                                           <examen3>x</examen3>
                               </trimestre1>
                               <trimestre2>
                                           <examen1>x</examen1>
                                           <examen2>x</examen2>
                                           <examen3>x</examen3>
                               </trimestre2>
                               <trimestre3>
                                           <examen1>x</examen1>
                                           <examen2>x</examen2>
                                           <examen3>x</examen3>
                               </trimestre3>
                        </notas>
                        <trabajos>
                                   <trabajo1>x</trabajo1>
                                   <trabajo2>x</trabajo2>
                                   <trabajo3>x</trabajo3>
                        </trabajos>
               </alumno>
               <alumno>
                        <nombre>Antonio</nombre>
                        <apellido1>Herrera</apellido1>
                        <apellido2>Garcia</apellido2>
                        <notas>
                               <trimestre1>
                                           <examen1>x</examen1>
                                           <examen2>x</examen2>
                                           <examen3>x</examen3>
                               </trimestre1>
                               <trimestre2>
                                           <examen1>x</examen1>
                                           <examen2>x</examen2>
                                           <examen3>x</examen3>
                               </trimestre2>
                               <trimestre3>
                                           <examen1>x</examen1>
                                           <examen2>x</examen2>
                                           <examen3>x</examen3>
                               </trimestre3>
                        </notas>
                        <trabajos>
                                   <trabajo1>x</trabajo1>
                                   <trabajo2>x</trabajo2>
                                   <trabajo3>x</trabajo3>
                        </trabajos>
               </alumno>
               <alumno>
                        <nombre>Manuel</nombre>
                        <apellido1>Hernandez</apellido1>
                        <apellido2>Escaño</apellido2>
                        <notas>
                               <trimestre1>
                                           <examen1>x</examen1>
                                           <examen2>x</examen2>
                                           <examen3>x</examen3>
                               </trimestre1>
                               <trimestre2>
                                           <examen1>x</examen1>
                                           <examen2>x</examen2>
                                           <examen3>x</examen3>
                               </trimestre2>
                               <trimestre3>
                                           <examen1>x</examen1>
                                           <examen2>x</examen2>
                                           <examen3>x</examen3>
                               </trimestre3>
                        </notas>
                        <trabajos>
                                   <trabajo1>x</trabajo1>
                                   <trabajo2>x</trabajo2>
                                   <trabajo3>x</trabajo3>
                        </trabajos>
               </alumno>
               <alumno>
                        <nombre>Victoria</nombre>
                        <apellido1>Saavedra</apellido1>
                        <apellido2>Perez</apellido2>
                        <notas>
                               <trimestre1>
                                           <examen1>x</examen1>
                                           <examen2>x</examen2>
                                           <examen3>x</examen3>
                               </trimestre1>
                               <trimestre2>
                                           <examen1>x</examen1>
                                           <examen2>x</examen2>
                                           <examen3>x</examen3>
                               </trimestre2>
                               <trimestre3>
                                           <examen1>x</examen1>
                                           <examen2>x</examen2>
                                           <examen3>x</examen3>
                               </trimestre3>
                        </notas>
                        <trabajos>
                                   <trabajo1>x</trabajo1>
                                   <trabajo2>x</trabajo2>
                                   <trabajo3>x</trabajo3>
                        </trabajos>
               </alumno>
               <alumno>
                        <nombre>Ramon</nombre>
                        <apellido1>Franco</apellido1>
                        <apellido2>Lopez</apellido2>
                        <notas>
                               <trimestre1>
                                           <examen1>x</examen1>
                                           <examen2>x</examen2>
                                           <examen3>x</examen3>
                               </trimestre1>
                               <trimestre2>
                                           <examen1>x</examen1>
                                           <examen2>x</examen2>
                                           <examen3>x</examen3>
                               </trimestre2>
                               <trimestre3>
                                           <examen1>x</examen1>
                                           <examen2>x</examen2>
                                           <examen3>x</examen3>
                               </trimestre3>
                        </notas>
                        <trabajos>
                                   <trabajo1>x</trabajo1>
                                   <trabajo2>x</trabajo2>
                                   <trabajo3>x</trabajo3>
                        </trabajos>
               </alumno>
               <alumno>
                        <nombre>Juan</nombre>
                        <apellido1>Cabello</apellido1>
                        <apellido2>Cañada</apellido2>
                        <notas>
                               <trimestre1>
                                           <examen1>x</examen1>
                                           <examen2>x</examen2>
                                           <examen3>x</examen3>
                               </trimestre1>
                               <trimestre2>
                                           <examen1>x</examen1>
                                           <examen2>x</examen2>
                                           <examen3>x</examen3>
                               </trimestre2>
                               <trimestre3>
                                           <examen1>x</examen1>
                                           <examen2>x</examen2>
                                           <examen3>x</examen3>
                               </trimestre3>
                        </notas>
                        <trabajos>
                                   <trabajo1>x</trabajo1>
                                   <trabajo2>x</trabajo2>
                                   <trabajo3>x</trabajo3>
                        </trabajos>
               </alumno>
               <alumno>
                        <nombre>José</nombre>
                        <apellido1>Cabello</apellido1>
                        <apellido2>Rodriguez</apellido2>
                        <notas>
                               <trimestre1>
                                           <examen1>x</examen1>
                                           <examen2>x</examen2>
                                           <examen3>x</examen3>
                               </trimestre1>
                               <trimestre2>
                                           <examen1>x</examen1>
                                           <examen2>x</examen2>
                                           <examen3>x</examen3>
                               </trimestre2>
                               <trimestre3>
                                           <examen1>x</examen1>
                                           <examen2>x</examen2>
                                           <examen3>x</examen3>
                               </trimestre3>
                        </notas>
                        <trabajos>
                                   <trabajo1>x</trabajo1>
                                   <trabajo2>x</trabajo2>
                                   <trabajo3>x</trabajo3>
                        </trabajos>
               </alumno>
      </asignatura>
      <asignatura>
               <alumno>
                        <nombre>Felipe</nombre>
                        <apellido1>Cabello</apellido1>
                        <apellido2>Cañada</apellido2>
                        <notas>
                               <trimestre1>
                                           <examen1>x</examen1>
                                           <examen2>x</examen2>
                                           <examen3>x</examen3>
                               </trimestre1>
                               <trimestre2>
                                           <examen1>x</examen1>
                                           <examen2>x</examen2>
                                           <examen3>x</examen3>
                               </trimestre2>
                               <trimestre3>
                                           <examen1>x</examen1>
                                           <examen2>x</examen2>
                                           <examen3>x</examen3>
                               </trimestre3>
                        </notas>
                        <trabajos>
                                   <trabajo1>x</trabajo1>
                                   <trabajo2>x</trabajo2>
                                   <trabajo3>x</trabajo3>
                        </trabajos>
               </alumno>
               <alumno>
                        <nombre>Sergio</nombre>
                        <apellido1>Cepeda</apellido1>
                        <apellido2>Castizo</apellido2>
                        <notas>
                               <trimestre1>
                                           <examen1>x</examen1>
                                           <examen2>x</examen2>
                                           <examen3>x</examen3>
                               </trimestre1>
                               <trimestre2>
                                           <examen1>x</examen1>
                                           <examen2>x</examen2>
                                           <examen3>x</examen3>
                               </trimestre2>
                               <trimestre3>
                                           <examen1>x</examen1>
                                           <examen2>x</examen2>
                                           <examen3>x</examen3>
                               </trimestre3>
                        </notas>
                        <trabajos>
                                   <trabajo1>x</trabajo1>
                                   <trabajo2>x</trabajo2>
                                   <trabajo3>x</trabajo3>
                        </trabajos>
               </alumno>
               <alumno>
                        <nombre>Jose</nombre>
                        <apellido1>Garcia</apellido1>
                        <apellido2>Zurita</apellido2>
                        <notas>
                               <trimestre1>
                                           <examen1>x</examen1>
                                           <examen2>x</examen2>
                                           <examen3>x</examen3>
                               </trimestre1>
                               <trimestre2>
                                           <examen1>x</examen1>
                                           <examen2>x</examen2>
                                           <examen3>x</examen3>
                               </trimestre2>
                               <trimestre3>
                                           <examen1>x</examen1>
                                           <examen2>x</examen2>
                                           <examen3>x</examen3>
                               </trimestre3>
                        </notas>
                        <trabajos>
                                   <trabajo1>x</trabajo1>
                                   <trabajo2>x</trabajo2>
                                   <trabajo3>x</trabajo3>
                        </trabajos>
               </alumno>
               <alumno>
                        <nombre>Isabel</nombre>
                        <apellido1>Becerril</apellido1>
                        <apellido2>Viera</apellido2>
                        <notas>
                               <trimestre1>
                                           <examen1>x</examen1>
                                           <examen2>x</examen2>
                                           <examen3>x</examen3>
                               </trimestre1>
                               <trimestre2>
                                           <examen1>x</examen1>
                                           <examen2>x</examen2>
                                           <examen3>x</examen3>
                               </trimestre2>
                               <trimestre3>
                                           <examen1>x</examen1>
                                           <examen2>x</examen2>
                                           <examen3>x</examen3>
                               </trimestre3>
                        </notas>
                        <trabajos>
                                   <trabajo1>x</trabajo1>
                                   <trabajo2>x</trabajo2>
                                   <trabajo3>x</trabajo3>
                        </trabajos>
               </alumno>
               <alumno>
                        <nombre>Antonio</nombre>
                        <apellido1>Herrera</apellido1>
                        <apellido2>Garcia</apellido2>
                        <notas>
                               <trimestre1>
                                           <examen1>x</examen1>
                                           <examen2>x</examen2>
                                           <examen3>x</examen3>
                               </trimestre1>
                               <trimestre2>
                                           <examen1>x</examen1>
                                           <examen2>x</examen2>
                                           <examen3>x</examen3>
                               </trimestre2>
                               <trimestre3>
                                           <examen1>x</examen1>
                                           <examen2>x</examen2>
                                           <examen3>x</examen3>
                               </trimestre3>
                        </notas>
                        <trabajos>
                                   <trabajo1>x</trabajo1>
                                   <trabajo2>x</trabajo2>
                                   <trabajo3>x</trabajo3>
                        </trabajos>
               </alumno>
               <alumno>
                        <nombre>Manuel</nombre>
                        <apellido1>Hernandez</apellido1>
                        <apellido2>Escaño</apellido2>
                        <notas>
                               <trimestre1>
                                           <examen1>x</examen1>
                                           <examen2>x</examen2>
                                           <examen3>x</examen3>
                               </trimestre1>
                               <trimestre2>
                                           <examen1>x</examen1>
                                           <examen2>x</examen2>
                                           <examen3>x</examen3>
                               </trimestre2>
                               <trimestre3>
                                           <examen1>x</examen1>
                                           <examen2>x</examen2>
                                           <examen3>x</examen3>
                               </trimestre3>
                        </notas>
                        <trabajos>
                                   <trabajo1>x</trabajo1>
                                   <trabajo2>x</trabajo2>
                                   <trabajo3>x</trabajo3>
                        </trabajos>
               </alumno>
               <alumno>
                        <nombre>Victoria</nombre>
                        <apellido1>Saavedra</apellido1>
                        <apellido2>Perez</apellido2>
                        <notas>
                               <trimestre1>
                                           <examen1>x</examen1>
                                           <examen2>x</examen2>
                                           <examen3>x</examen3>
                               </trimestre1>
                               <trimestre2>
                                           <examen1>x</examen1>
                                           <examen2>x</examen2>
                                           <examen3>x</examen3>
                               </trimestre2>
                               <trimestre3>
                                           <examen1>x</examen1>
                                           <examen2>x</examen2>
                                           <examen3>x</examen3>
                               </trimestre3>
                        </notas>
                        <trabajos>
                                   <trabajo1>x</trabajo1>
                                   <trabajo2>x</trabajo2>
                                   <trabajo3>x</trabajo3>
                        </trabajos>
               </alumno>
               <alumno>
                        <nombre>Ramon</nombre>
                        <apellido1>Franco</apellido1>
                        <apellido2>Lopez</apellido2>
                        <notas>
                               <trimestre1>
                                           <examen1>x</examen1>
                                           <examen2>x</examen2>
                                           <examen3>x</examen3>
                               </trimestre1>
                               <trimestre2>
                                           <examen1>x</examen1>
                                           <examen2>x</examen2>
                                           <examen3>x</examen3>
                               </trimestre2>
                               <trimestre3>
                                           <examen1>x</examen1>
                                           <examen2>x</examen2>
                                           <examen3>x</examen3>
                               </trimestre3>
                        </notas>
                        <trabajos>
                                   <trabajo1>x</trabajo1>
                                   <trabajo2>x</trabajo2>
                                   <trabajo3>x</trabajo3>
                        </trabajos>
               </alumno>
               <alumno>
                        <nombre>Juan</nombre>
                        <apellido1>Cabello</apellido1>
                        <apellido2>Cañada</apellido2>
                        <notas>
                               <trimestre1>
                                           <examen1>x</examen1>
                                           <examen2>x</examen2>
                                           <examen3>x</examen3>
                               </trimestre1>
                               <trimestre2>
                                           <examen1>x</examen1>
                                           <examen2>x</examen2>
                                           <examen3>x</examen3>
                               </trimestre2>
                               <trimestre3>
                                           <examen1>x</examen1>
                                           <examen2>x</examen2>
                                           <examen3>x</examen3>
                               </trimestre3>
                        </notas>
                        <trabajos>
                                   <trabajo1>x</trabajo1>
                                   <trabajo2>x</trabajo2>
                                   <trabajo3>x</trabajo3>
                        </trabajos>
               </alumno>
               <alumno>
                        <nombre>José</nombre>
                        <apellido1>Cabello</apellido1>
                        <apellido2>Rodriguez</apellido2>
                        <notas>
                               <trimestre1>
                                           <examen1>x</examen1>
                                           <examen2>x</examen2>
                                           <examen3>x</examen3>
                               </trimestre1>
                               <trimestre2>
                                           <examen1>x</examen1>
                                           <examen2>x</examen2>
                                           <examen3>x</examen3>
                               </trimestre2>
                               <trimestre3>
                                           <examen1>x</examen1>
                                           <examen2>x</examen2>
                                           <examen3>x</examen3>
                               </trimestre3>
                        </notas>
                        <trabajos>
                                   <trabajo1>x</trabajo1>
                                   <trabajo2>x</trabajo2>
                                   <trabajo3>x</trabajo3>
                        </trabajos>
               </alumno>

      </asignatura>
</libroprofesor>
